time,Open,High,Low,Close,Volume
2025-08-26 15:00:00+00:00,110380.6,110540.4,110037.6,110097.7,26.12318743
2025-08-26 15:30:00+00:00,110097.6,110097.6,109591.0,109670.1,28.17158921
2025-08-26 16:00:00+00:00,109670.1,109750.2,109525.0,109658.1,9.56534758
2025-08-26 16:30:00+00:00,109662.4,110150.3,109615.0,110150.3,7.63430948
2025-08-26 17:00:00+00:00,110150.3,110150.3,109800.0,109863.6,7.6997156
2025-08-26 17:30:00+00:00,109859.9,109944.9,109594.1,109944.9,28.57198313
2025-08-26 18:00:00+00:00,109944.9,110447.5,109944.8,110447.5,41.12843782
2025-08-26 18:30:00+00:00,110447.6,110988.6,110400.0,110695.0,93.50296944
2025-08-26 19:00:00+00:00,110695.0,111100.0,110553.0,111100.0,27.34430837
2025-08-26 19:30:00+00:00,111100.0,111130.2,110854.6,111128.4,29.17074733
2025-08-26 20:00:00+00:00,111128.5,111393.2,110935.1,111376.1,30.39749061
2025-08-26 20:30:00+00:00,111376.1,111376.1,111183.2,111345.4,17.38483197
2025-08-26 21:00:00+00:00,111345.4,111364.6,111187.6,111300.9,17.93193961
2025-08-26 21:30:00+00:00,111301.0,111550.8,111273.2,111550.8,18.80405457
2025-08-26 22:00:00+00:00,111550.7,111888.2,111550.7,111675.2,62.1491093
2025-08-26 22:30:00+00:00,111675.2,111888.0,111591.3,111888.0,10.02528866
2025-08-26 23:00:00+00:00,111888.0,112395.6,111887.9,111965.9,15.63169176
2025-08-26 23:30:00+00:00,111965.8,111965.9,111767.6,111829.3,10.3125431
2025-08-27 00:00:00+00:00,111829.3,111829.3,111628.4,111642.0,17.22806419
2025-08-27 00:30:00+00:00,111641.9,111804.2,111351.0,111351.1,72.60215788
2025-08-27 01:00:00+00:00,111351.1,111415.7,111224.5,111246.6,11.86692699
2025-08-27 01:30:00+00:00,111246.6,111309.2,111121.0,111270.0,17.1778115
2025-08-27 02:00:00+00:00,111270.0,111464.7,111200.0,111380.3,5.72114595
2025-08-27 02:30:00+00:00,111380.3,111445.8,111180.0,111180.1,1.89333373
2025-08-27 03:00:00+00:00,111178.6,111178.6,110968.3,110968.4,5.68987008
2025-08-27 03:30:00+00:00,110968.4,111660.2,110968.3,111462.6,8.5561916
2025-08-27 04:00:00+00:00,111462.6,111662.0,111435.2,111440.0,6.07313623
2025-08-27 04:30:00+00:00,111440.1,111600.0,111440.0,111582.5,3.43256631
2025-08-27 05:00:00+00:00,111582.5,111625.0,111410.3,111410.4,22.9886458
2025-08-27 05:30:00+00:00,111410.4,111411.8,111327.8,111374.7,10.45406842
2025-08-27 06:00:00+00:00,111374.8,111374.8,111237.5,111263.5,1.57655797
2025-08-27 06:30:00+00:00,111262.6,111262.6,111016.0,111016.1,2.49718841
2025-08-27 07:00:00+00:00,111016.1,111050.0,110607.4,110787.4,87.46544094
2025-08-27 07:30:00+00:00,110789.6,110845.9,110668.9,110674.4,19.62265714
2025-08-27 08:00:00+00:00,110674.5,110827.6,110593.4,110593.5,7.73202682
2025-08-27 08:30:00+00:00,110593.4,110730.8,110434.3,110730.8,7.83858436
2025-08-27 09:00:00+00:00,110730.8,110994.9,110725.7,110994.8,17.42519603
2025-08-27 09:30:00+00:00,110994.7,111050.0,110815.0,110815.1,26.97048211
2025-08-27 10:00:00+00:00,110815.1,111192.2,110815.0,111036.0,10.12440112
2025-08-27 10:30:00+00:00,111036.1,111100.1,110962.4,111036.5,6.34157239
2025-08-27 11:00:00+00:00,111036.6,111205.6,111025.0,111201.1,17.2377113
2025-08-27 11:30:00+00:00,111201.1,111365.3,111201.0,111340.0,6.84235831
2025-08-27 12:00:00+00:00,111340.1,111379.3,111175.0,111200.0,7.79329369
2025-08-27 12:30:00+00:00,111200.0,111324.9,111050.0,111324.8,25.61485446
2025-08-27 13:00:00+00:00,111324.9,111324.9,111112.5,111315.8,25.9900629
2025-08-27 13:30:00+00:00,111318.2,111844.3,111092.9,111508.3,36.80956686
2025-08-27 14:00:00+00:00,111508.3,112200.0,111367.4,112200.0,38.76979249
2025-08-27 14:30:00+00:00,112199.9,112603.4,111758.2,111793.2,66.67040948
2025-08-27 15:00:00+00:00,111793.3,112083.6,111694.0,111769.9,25.55268067
2025-08-27 15:30:00+00:00,111770.0,112022.4,111593.2,112022.4,16.49991285
2025-08-27 16:00:00+00:00,112022.4,112145.3,111701.9,111793.5,8.17813208
2025-08-27 16:30:00+00:00,111793.6,112232.8,111625.0,112155.3,7.61681911
2025-08-27 17:00:00+00:00,112155.3,112411.4,111908.6,112325.1,17.83157698
2025-08-27 17:30:00+00:00,112325.1,112401.0,112311.6,112337.9,15.18875337
2025-08-27 18:00:00+00:00,112337.9,112600.0,112337.9,112478.4,53.4601828
2025-08-27 18:30:00+00:00,112478.5,112478.5,112000.0,112000.0,13.13766183
2025-08-27 19:00:00+00:00,112000.1,112154.3,111600.0,112000.0,28.33297067
2025-08-27 19:30:00+00:00,112000.0,112200.0,111943.0,112060.2,35.1686456
2025-08-27 20:00:00+00:00,112060.2,112291.7,111000.0,112076.1,55.5411663
2025-08-27 20:30:00+00:00,112076.1,112382.0,112017.6,112382.0,30.58751031
2025-08-27 21:00:00+00:00,112382.0,112388.0,111689.9,111850.0,30.04875517
2025-08-27 21:30:00+00:00,111850.0,111904.5,111360.9,111442.4,49.49445284
2025-08-27 22:00:00+00:00,111442.3,111469.9,111118.7,111293.3,15.0740792
2025-08-27 22:30:00+00:00,111293.4,111566.6,111293.3,111449.8,78.90906585
2025-08-27 23:00:00+00:00,111449.8,111521.5,111262.5,111330.0,14.12528577
2025-08-27 23:30:00+00:00,111330.0,111382.6,111159.8,111268.6,15.3222935
2025-08-28 00:00:00+00:00,111268.6,111492.7,111000.0,111116.7,9.88091175
2025-08-28 00:30:00+00:00,111123.0,111455.4,110902.6,111340.5,20.26950563
2025-08-28 01:00:00+00:00,111340.5,111579.8,111340.5,111421.5,5.88842829
2025-08-28 01:30:00+00:00,111421.5,111654.7,111421.5,111650.8,13.45512986
2025-08-28 02:00:00+00:00,111650.8,111765.4,111485.0,111629.2,27.4259078
2025-08-28 02:30:00+00:00,111629.3,111657.9,111466.1,111507.8,4.6265346
2025-08-28 03:00:00+00:00,111507.9,111900.0,111450.0,111900.0,10.9542191
2025-08-28 03:30:00+00:00,111900.0,112000.0,111862.9,111986.3,5.32915597
2025-08-28 04:00:00+00:00,111986.4,112285.0,111986.3,112285.0,21.46102057
2025-08-28 04:30:00+00:00,112284.9,113035.2,112284.9,112971.9,81.90417759
2025-08-28 05:00:00+00:00,112971.9,113100.0,112848.9,112850.0,13.4858139
2025-08-28 05:30:00+00:00,112849.9,112871.3,112706.8,112848.7,12.89771444
2025-08-28 06:00:00+00:00,112848.8,112976.6,112737.5,112976.5,60.48726624
2025-08-28 06:30:00+00:00,112976.6,113200.0,112955.0,113200.0,23.90265556
2025-08-28 07:00:00+00:00,113200.0,113200.0,113199.9,113199.9,0.27033507
2025-08-28 07:30:00+00:00,113199.9,113199.9,113199.9,113199.9,0.0
2025-08-28 08:00:00+00:00,113199.9,113321.4,113165.8,113321.4,36.04293507
2025-08-28 08:30:00+00:00,113321.4,113321.4,113321.4,113321.4,0.0
2025-08-28 09:00:00+00:00,113321.4,113321.4,113321.4,113321.4,0.0
2025-08-28 09:30:00+00:00,113321.4,113321.4,113321.4,113321.4,0.0
2025-08-28 10:00:00+00:00,113311.2,113311.2,112857.9,112905.0,9.45034097
2025-08-28 10:30:00+00:00,112905.0,113103.6,112904.9,113103.6,42.57051233
2025-08-28 11:00:00+00:00,113103.6,113110.6,112949.9,112950.0,73.82276641
2025-08-28 11:30:00+00:00,112950.0,112999.9,112852.5,112924.6,10.57440137
2025-08-28 12:00:00+00:00,112924.6,112924.6,112825.0,112875.0,5.09500463
2025-08-28 12:30:00+00:00,112875.0,113300.0,112804.9,113300.0,10.42608741
2025-08-28 13:00:00+00:00,113300.0,113457.9,112959.2,112999.9,35.18787165
2025-08-28 13:30:00+00:00,113000.0,113158.5,112585.9,112749.8,68.8956502
2025-08-28 14:00:00+00:00,112749.9,113135.8,112700.0,112700.0,13.5197072
2025-08-28 14:30:00+00:00,112700.0,113301.0,112513.9,113182.2,65.39077056
2025-08-28 15:00:00+00:00,113182.3,113219.3,112456.9,112544.6,25.73918109
2025-08-28 15:30:00+00:00,112548.0,112799.0,112412.5,112650.0,53.21895452
2025-08-28 16:00:00+00:00,112650.0,113204.3,112633.0,113063.6,38.67718521
2025-08-28 16:30:00+00:00,113050.1,113050.1,112337.6,112337.6,44.83913917
2025-08-28 17:00:00+00:00,112337.6,112552.9,112212.6,112552.8,139.82365871
2025-08-28 17:30:00+00:00,112552.9,112612.6,112416.9,112446.4,9.64569113
2025-08-28 18:00:00+00:00,112446.4,112655.0,112247.3,112655.0,18.08795409
2025-08-28 18:30:00+00:00,112655.0,112680.0,112328.6,112393.6,9.82264363
2025-08-28 19:00:00+00:00,112393.6,112500.0,112200.1,112368.5,6.93233273
2025-08-28 19:30:00+00:00,112368.5,112399.3,111900.0,111900.1,23.96055737
2025-08-28 20:00:00+00:00,111905.8,112114.5,111809.8,111989.5,105.51616467
2025-08-28 20:30:00+00:00,111989.6,112081.4,111900.0,111941.2,93.33003788
2025-08-28 21:00:00+00:00,111941.2,112114.5,111906.1,111984.9,7.52444777
2025-08-28 21:30:00+00:00,111984.8,112085.3,111932.0,112048.0,2.36103117
2025-08-28 22:00:00+00:00,112048.1,112399.9,112048.0,112387.0,8.75098314
2025-08-28 22:30:00+00:00,112399.9,112446.5,112361.4,112399.9,3.32590855
2025-08-28 23:00:00+00:00,112400.0,112468.2,112358.5,112408.9,9.68495667
2025-08-28 23:30:00+00:00,112408.9,112563.7,112407.3,112563.7,37.90099864
2025-08-29 00:00:00+00:00,112563.7,112570.0,112359.8,112570.0,26.80336552
2025-08-29 00:30:00+00:00,112570.0,112570.0,112175.8,112203.4,8.58815871
2025-08-29 01:00:00+00:00,112203.4,112203.4,111450.0,111566.5,22.31412712
2025-08-29 01:30:00+00:00,111566.5,111706.7,111471.0,111537.5,27.68275082
2025-08-29 02:00:00+00:00,111537.5,111769.1,111474.4,111599.2,4.59433246
2025-08-29 02:30:00+00:00,111599.3,111599.3,111370.4,111485.2,7.98492136
2025-08-29 03:00:00+00:00,111485.2,111637.5,111380.0,111622.5,9.7959298
2025-08-29 03:30:00+00:00,111622.5,111824.2,111622.4,111778.0,3.98930011
2025-08-29 04:00:00+00:00,111778.1,111855.3,111691.0,111707.1,2.70611286
2025-08-29 04:30:00+00:00,111707.0,111707.1,111445.2,111512.2,5.46401815
2025-08-29 05:00:00+00:00,111512.5,111577.0,111281.6,111312.2,96.62372931
2025-08-29 05:30:00+00:00,111312.2,111312.2,111200.0,111310.9,5.06575138
2025-08-29 06:00:00+00:00,111311.0,111387.4,111031.5,111045.0,11.22322595
2025-08-29 06:30:00+00:00,111045.1,111292.5,111026.0,111292.5,45.97152666
2025-08-29 07:00:00+00:00,111292.5,111293.7,110162.5,110162.5,172.45646699
2025-08-29 07:30:00+00:00,110162.6,110300.0,109898.7,110012.6,29.43245266
2025-08-29 08:00:00+00:00,110012.6,110274.2,109981.0,110100.0,11.02130511
2025-08-29 08:30:00+00:00,110087.5,110124.9,109615.8,109632.4,124.47374553
2025-08-29 09:00:00+00:00,109632.4,109815.1,109422.5,109747.1,12.04086887
2025-08-29 09:30:00+00:00,109747.1,109928.0,109685.0,109838.7,6.37496666
2025-08-29 10:00:00+00:00,109838.7,110028.3,109808.7,109990.0,6.96100508
2025-08-29 10:30:00+00:00,109990.1,110023.3,109849.6,110012.6,14.90797551
2025-08-29 11:00:00+00:00,110012.6,110116.7,109945.0,110080.4,31.3890154
2025-08-29 11:30:00+00:00,110080.4,110091.0,109849.9,110091.0,113.45518998
2025-08-29 12:00:00+00:00,110091.0,110312.5,110091.0,110294.9,20.48967029
2025-08-29 12:30:00+00:00,110294.9,111490.4,110294.9,110734.4,62.07577488
2025-08-29 13:00:00+00:00,110734.4,110737.5,110500.0,110500.1,11.78346846
2025-08-29 13:30:00+00:00,110500.5,110522.8,108960.1,109091.4,88.725885
2025-08-29 14:00:00+00:00,109091.5,109500.0,108328.0,108641.3,158.86681189
2025-08-29 14:30:00+00:00,108642.6,108859.7,108150.0,108197.8,50.31474804
2025-08-29 15:00:00+00:00,108200.0,108738.6,108200.0,108366.0,26.22453376
2025-08-29 15:30:00+00:00,108366.2,108563.0,108250.0,108437.4,59.8658561
2025-08-29 16:00:00+00:00,108437.4,108776.2,108200.0,108599.9,35.15148121
2025-08-29 16:30:00+00:00,108595.1,108842.5,108595.1,108762.6,40.01605199
2025-08-29 17:00:00+00:00,108762.6,108762.6,108200.0,108460.0,10.75119994
2025-08-29 17:30:00+00:00,108460.1,108595.1,108394.6,108485.1,6.55658187
2025-08-29 18:00:00+00:00,108485.1,108498.9,108094.9,108100.0,39.82504487
2025-08-29 18:30:00+00:00,108100.0,108231.6,108099.9,108167.3,19.02086714
2025-08-29 19:00:00+00:00,108167.3,108700.0,107919.6,108649.9,42.05401623
2025-08-29 19:30:00+00:00,108649.8,108700.0,108225.0,108225.1,35.30404079
2025-08-29 20:00:00+00:00,108225.1,108237.6,107800.0,107980.8,57.24992073
2025-08-29 20:30:00+00:00,107987.5,107989.7,107600.0,107788.0,77.77217694
2025-08-29 21:00:00+00:00,107788.1,107957.9,107505.0,107957.9,18.37644066
2025-08-29 21:30:00+00:00,107961.3,108438.4,107961.3,108411.0,10.73799531
2025-08-29 22:00:00+00:00,108410.9,108477.9,108308.9,108351.0,7.00455709
2025-08-29 22:30:00+00:00,108351.0,108406.2,108206.0,108350.0,21.48222613
2025-08-29 23:00:00+00:00,108350.0,108503.4,108350.0,108456.8,2.79240928
2025-08-29 23:30:00+00:00,108456.8,108537.5,108400.0,108400.1,6.05121583
2025-08-30 00:00:00+00:00,108400.1,108400.1,108227.8,108311.6,17.44044912
2025-08-30 00:30:00+00:00,108311.6,108311.6,108195.3,108298.2,2.22039069
2025-08-30 01:00:00+00:00,108298.2,108314.8,108082.0,108082.0,4.10791274
2025-08-30 01:30:00+00:00,108082.1,108130.8,107352.6,107389.7,25.42615907
2025-08-30 02:00:00+00:00,107389.6,107837.5,107389.6,107831.0,15.71119197
2025-08-30 02:30:00+00:00,107831.0,107958.3,107831.0,107832.3,2.62628256
2025-08-30 03:00:00+00:00,107832.3,108269.3,107781.9,108236.9,106.6812512
2025-08-30 03:30:00+00:00,108236.9,108396.5,108236.8,108387.4,4.35326572
2025-08-30 04:00:00+00:00,108387.4,108633.6,108387.3,108633.5,29.89197801
2025-08-30 04:30:00+00:00,108633.6,108642.0,108486.4,108486.5,23.53883573
2025-08-30 05:00:00+00:00,108486.5,108486.5,108231.6,108238.4,7.10162308
2025-08-30 05:30:00+00:00,108238.4,108429.7,108200.0,108362.6,14.56619555
2025-08-30 06:00:00+00:00,108362.6,108562.3,108337.0,108337.0,29.66351288
2025-08-30 06:30:00+00:00,108337.1,108337.1,108231.8,108281.2,18.94092691
2025-08-30 07:00:00+00:00,108281.3,108302.1,108195.0,108212.3,11.83413072
2025-08-30 07:30:00+00:00,108212.2,108499.9,108212.2,108499.9,5.1520073
2025-08-30 08:00:00+00:00,108499.9,108700.1,108499.8,108700.0,6.4954575
2025-08-30 08:30:00+00:00,108700.1,108700.1,108547.5,108549.0,4.87811041
2025-08-30 09:00:00+00:00,108549.0,108549.0,108487.9,108549.0,15.80257298
2025-08-30 09:30:00+00:00,108548.9,108549.0,108522.3,108522.3,14.31734277
2025-08-30 10:00:00+00:00,108522.3,108672.3,108510.9,108660.3,62.4266047
2025-08-30 10:30:00+00:00,108660.3,108691.4,108474.2,108474.2,44.16172546
2025-08-30 11:00:00+00:00,108474.3,108542.0,108442.3,108535.9,6.72781283
2025-08-30 11:30:00+00:00,108535.9,108663.9,108535.8,108641.2,18.35308268
2025-08-30 12:00:00+00:00,108641.2,108641.2,108477.5,108495.3,10.08934266
2025-08-30 12:30:00+00:00,108495.2,108609.7,108359.8,108609.7,19.95266571
2025-08-30 13:00:00+00:00,108609.2,108612.1,108229.7,108416.3,19.63132281
2025-08-30 13:30:00+00:00,108416.2,108541.3,108416.1,108541.2,8.77200163
2025-08-30 14:00:00+00:00,108541.3,108541.3,108461.5,108483.1,4.4604222
2025-08-30 14:30:00+00:00,108483.2,108700.0,108483.2,108662.5,25.80760246
2025-08-30 15:00:00+00:00,108662.6,108832.0,108582.3,108762.5,35.06188745
2025-08-30 15:30:00+00:00,108762.6,108926.8,108674.9,108850.1,24.07029772
2025-08-30 16:00:00+00:00,108850.1,108850.1,108712.0,108757.5,42.41942727
2025-08-30 16:30:00+00:00,108757.5,108867.9,108757.4,108816.3,4.10275154
2025-08-30 17:00:00+00:00,108816.3,108899.9,108816.2,108857.8,8.80367905
2025-08-30 17:30:00+00:00,108857.8,108857.9,108624.3,108784.9,22.68871399
2025-08-30 18:00:00+00:00,108784.9,108813.9,108675.6,108679.4,49.05079231
2025-08-30 18:30:00+00:00,108679.4,108846.8,108634.8,108748.4,14.49461384
2025-08-30 19:00:00+00:00,108748.4,108813.5,108726.6,108813.5,1.89602503
2025-08-30 19:30:00+00:00,108813.4,108900.0,108792.2,108837.5,2.69729607
2025-08-30 20:00:00+00:00,108837.6,108837.6,108725.0,108782.4,2.20051865
2025-08-30 20:30:00+00:00,108782.3,108782.4,108619.2,108657.0,2.26092938
2025-08-30 21:00:00+00:00,108657.0,108685.8,108582.3,108582.4,5.78690233
2025-08-30 21:30:00+00:00,108582.4,108582.4,108541.8,108582.4,3.07992371
2025-08-30 22:00:00+00:00,108582.3,108582.4,108487.5,108510.0,5.69972222
2025-08-30 22:30:00+00:00,108510.0,108520.0,108509.4,108520.0,5.89075549
2025-08-30 23:00:00+00:00,108520.0,108655.5,108519.9,108652.9,5.66641034
2025-08-30 23:30:00+00:00,108652.8,108750.0,108652.8,108750.0,2.57195595
2025-08-31 00:00:00+00:00,108750.0,108800.0,108749.9,108800.0,10.97694718
2025-08-31 00:30:00+00:00,108800.0,109350.0,108799.9,109350.0,83.40638338
2025-08-31 01:00:00+00:00,109350.0,109350.0,109215.5,109342.1,23.67766794
2025-08-31 01:30:00+00:00,109342.0,109490.8,109293.3,109429.2,6.0448332
2025-08-31 02:00:00+00:00,109429.3,109451.2,109293.4,109297.0,7.94149115
2025-08-31 02:30:00+00:00,109297.0,109297.0,109234.4,109246.0,5.50152411
2025-08-31 03:00:00+00:00,109246.0,109344.6,109245.9,109285.1,8.64738667
2025-08-31 03:30:00+00:00,109285.1,109380.8,109220.5,109220.5,4.13983449
2025-08-31 04:00:00+00:00,109220.6,109237.6,108839.2,108844.5,5.03939308
2025-08-31 04:30:00+00:00,108844.4,108866.3,108744.9,108785.9,2.91357779
2025-08-31 05:00:00+00:00,108785.9,108785.9,108576.9,108581.3,72.48712781
2025-08-31 05:30:00+00:00,108581.3,108757.2,108581.2,108747.1,2.4620717
2025-08-31 06:00:00+00:00,108747.1,108752.5,108585.0,108585.0,2.12465511
2025-08-31 06:30:00+00:00,108585.1,108740.6,108580.0,108740.6,3.96051335
2025-08-31 07:00:00+00:00,108740.6,108805.8,108673.1,108700.1,14.80623106
2025-08-31 07:30:00+00:00,108700.1,108764.5,108700.1,108710.0,7.56859672
2025-08-31 08:00:00+00:00,108710.0,108888.0,108709.9,108888.0,1.48282371
2025-08-31 08:30:00+00:00,108888.0,109012.6,108887.9,109012.5,1.64646071
2025-08-31 09:00:00+00:00,109012.6,109098.5,108987.5,108987.5,6.73830768
2025-08-31 09:30:00+00:00,108975.0,108975.0,108462.8,108487.5,26.95174968
2025-08-31 10:00:00+00:00,108489.7,108561.2,108361.0,108425.2,6.38126834
2025-08-31 10:30:00+00:00,108435.2,108644.7,108337.5,108560.5,30.75985036
2025-08-31 11:00:00+00:00,108560.5,108589.8,108321.3,108474.2,2.12886005
2025-08-31 11:30:00+00:00,108474.3,108516.4,108387.3,108400.1,4.76536253
2025-08-31 12:00:00+00:00,108400.1,108408.7,108332.8,108361.7,14.80762013
2025-08-31 12:30:00+00:00,108361.7,108417.0,108320.0,108320.1,5.23348071
2025-08-31 13:00:00+00:00,108320.0,108387.7,108200.0,108325.2,11.87876846
2025-08-31 13:30:00+00:00,108325.2,108387.7,108231.8,108366.2,5.53495236
2025-08-31 14:00:00+00:00,108366.2,108400.0,108275.0,108364.3,23.96241447
2025-08-31 14:30:00+00:00,108364.3,108484.7,108364.2,108456.8,20.05655105
2025-08-31 15:00:00+00:00,108456.8,108686.7,108455.2,108554.6,14.50703299
2025-08-31 15:30:00+00:00,108554.5,108777.0,108514.9,108777.0,2.82366285
2025-08-31 16:00:00+00:00,108777.0,108777.0,108597.4,108670.0,8.21223318
2025-08-31 16:30:00+00:00,108670.0,108964.4,108670.0,108926.9,35.26899541
2025-08-31 17:00:00+00:00,108926.9,108933.5,108889.6,108921.0,6.91947472
2025-08-31 17:30:00+00:00,108920.9,108985.8,108920.9,108985.8,2.75924446
2025-08-31 18:00:00+00:00,108985.8,109112.3,108983.2,109032.5,21.01210863
2025-08-31 18:30:00+00:00,109032.5,109150.0,109032.4,109149.5,9.10108251
2025-08-31 19:00:00+00:00,109143.9,109143.9,108948.6,108960.2,10.58678611
2025-08-31 19:30:00+00:00,108960.2,109090.0,108920.9,108921.0,4.27414638
2025-08-31 20:00:00+00:00,108921.0,109059.7,108869.7,109058.5,9.28134817
2025-08-31 20:30:00+00:00,109058.5,109107.2,109015.2,109106.2,3.95230795
2025-08-31 21:00:00+00:00,109106.2,109107.0,109006.0,109062.5,1.18171459
2025-08-31 21:30:00+00:00,109062.4,109062.5,109061.0,109061.0,1.64295434
2025-08-31 22:00:00+00:00,109061.1,109182.6,108871.3,109181.5,70.52697059
2025-08-31 22:30:00+00:00,109181.5,109181.5,108783.0,108884.7,2.75141783
2025-08-31 23:00:00+00:00,108884.7,108884.7,108400.0,108400.1,6.44703074
2025-08-31 23:30:00+00:00,108400.1,108400.1,108113.5,108250.0,33.44099483
2025-09-01 00:00:00+00:00,108250.1,108302.1,107700.0,107841.9,55.67772064
2025-09-01 00:30:00+00:00,107842.0,108359.7,107718.4,108302.2,19.08672846
2025-09-01 01:00:00+00:00,108302.2,108302.2,107968.5,108239.5,7.84679429
2025-09-01 01:30:00+00:00,108239.4,108412.3,108021.2,108111.0,10.91547789
2025-09-01 02:00:00+00:00,108111.0,108187.6,107600.0,107688.8,17.0612991
2025-09-01 02:30:00+00:00,107688.8,107688.8,107490.0,107612.3,81.28738987
2025-09-01 03:00:00+00:00,107612.4,107762.5,107477.4,107500.1,12.78756884
2025-09-01 03:30:00+00:00,107500.1,107714.8,107453.1,107664.1,11.15589424
2025-09-01 04:00:00+00:00,107664.2,107738.2,107363.8,107463.6,12.12958829
2025-09-01 04:30:00+00:00,107463.5,107463.5,107316.0,107408.4,30.36140969
2025-09-01 05:00:00+00:00,107408.4,107699.9,107255.0,107698.8,24.17308619
2025-09-01 05:30:00+00:00,107699.9,107906.2,107652.6,107894.1,5.91249416
2025-09-01 06:00:00+00:00,107894.1,108031.2,107625.0,107998.3,10.83903322
2025-09-01 06:30:00+00:00,107998.3,108074.9,107997.4,108074.8,8.24005605
2025-09-01 07:00:00+00:00,108074.9,108372.4,108000.0,108372.4,7.46808787
2025-09-01 07:30:00+00:00,108373.3,109355.0,108373.3,109355.0,65.58101888
2025-09-01 08:00:00+00:00,109357.2,109775.5,109357.2,109430.3,46.32792695
2025-09-01 08:30:00+00:00,109430.3,109636.2,109430.3,109588.4,40.25951037
2025-09-01 09:00:00+00:00,109588.4,109760.0,109565.1,109672.5,43.0129662
2025-09-01 09:30:00+00:00,109672.4,109813.2,109477.9,109490.7,136.20063377
2025-09-01 10:00:00+00:00,109490.8,109490.8,108894.7,108894.8,69.49629679
2025-09-01 10:30:00+00:00,108894.7,108894.8,108217.4,108550.1,80.53630454
2025-09-01 11:00:00+00:00,108552.5,108700.0,108475.1,108657.2,6.46832771
2025-09-01 11:30:00+00:00,108657.2,108805.9,108475.5,108805.8,13.72339169
2025-09-01 12:00:00+00:00,108805.8,108933.8,108668.3,108933.7,10.84990623
2025-09-01 12:30:00+00:00,108933.8,109115.1,108925.7,109062.6,13.42684496
2025-09-01 13:00:00+00:00,109062.6,109517.2,109062.6,109445.7,19.53151747
2025-09-01 13:30:00+00:00,109445.7,109445.8,108931.7,109047.2,18.43500059
2025-09-01 14:00:00+00:00,109047.3,109250.0,109009.2,109024.9,15.07403098
2025-09-01 14:30:00+00:00,109025.0,109200.0,108865.8,109200.0,8.60557186
2025-09-01 15:00:00+00:00,109200.0,109300.0,108693.5,108693.6,20.92791798
2025-09-01 15:30:00+00:00,108693.6,108856.9,108620.7,108745.0,7.58554265
2025-09-01 16:00:00+00:00,108745.0,109098.6,108698.7,108943.3,8.13502008
2025-09-01 16:30:00+00:00,108943.4,109000.0,108713.0,108767.1,7.20368285
2025-09-01 17:00:00+00:00,108767.1,108837.5,108464.4,108606.9,15.76599259
2025-09-01 17:30:00+00:00,108606.9,108920.8,108575.0,108917.4,18.34973264
2025-09-01 18:00:00+00:00,108917.4,109169.4,108917.3,109169.4,8.67650972
2025-09-01 18:30:00+00:00,109169.3,109204.7,109016.9,109204.7,3.8796921
2025-09-01 19:00:00+00:00,109204.7,109319.7,109180.8,109200.1,10.65366299
2025-09-01 19:30:00+00:00,109200.1,109311.0,109165.7,109210.1,10.80512085
2025-09-01 20:00:00+00:00,109210.1,109210.1,109008.5,109079.4,10.21774026
2025-09-01 20:30:00+00:00,109079.4,109079.4,108272.1,108800.0,25.23759663
2025-09-01 21:00:00+00:00,108812.5,108853.2,108104.7,108112.4,9.65699186
2025-09-01 21:30:00+00:00,108112.4,108112.5,107500.0,107750.0,122.56520655
2025-09-01 22:00:00+00:00,107749.9,108170.0,107656.9,108026.4,13.59164332
2025-09-01 22:30:00+00:00,108026.4,108490.4,107973.4,108459.3,20.76988043
2025-09-01 23:00:00+00:00,108459.4,108725.0,108447.4,108725.0,100.50742036
2025-09-01 23:30:00+00:00,108724.9,109366.1,108677.5,109263.5,10.31121676
2025-09-02 00:00:00+00:00,109258.5,109258.5,109027.3,109049.3,24.11501229
2025-09-02 00:30:00+00:00,109044.2,109079.0,108888.4,109025.1,13.48229139
2025-09-02 01:00:00+00:00,109025.1,109260.2,109025.0,109172.6,7.91723964
2025-09-02 01:30:00+00:00,109172.6,109587.4,108988.3,109362.5,8.79204661
2025-09-02 02:00:00+00:00,109362.6,109542.5,109227.1,109542.5,3.30031364
2025-09-02 02:30:00+00:00,109542.5,110188.0,109489.9,110188.0,54.14019755
2025-09-02 03:00:00+00:00,110188.0,110523.4,110111.2,110150.3,33.81610037
2025-09-02 03:30:00+00:00,110150.4,110507.4,110150.3,110350.1,76.71688075
2025-09-02 04:00:00+00:00,110350.2,110350.2,110199.9,110299.8,157.79816282
2025-09-02 04:30:00+00:00,110299.9,110326.2,110150.8,110241.0,11.42345757
2025-09-02 05:00:00+00:00,110241.0,110250.0,110081.3,110170.9,4.34082549
2025-09-02 05:30:00+00:00,110170.9,110250.0,110112.5,110243.4,21.99552329
2025-09-02 06:00:00+00:00,110240.4,110449.9,110189.7,110449.8,12.33239543
2025-09-02 06:30:00+00:00,110449.9,110584.2,110389.9,110389.9,23.69946891
2025-09-02 07:00:00+00:00,110390.0,110390.0,110158.5,110200.3,11.21038655
2025-09-02 07:30:00+00:00,110200.2,110355.1,110065.5,110182.9,7.53559274
2025-09-02 08:00:00+00:00,110183.0,110324.6,110061.4,110274.8,8.15129405
2025-09-02 08:30:00+00:00,110274.9,110646.5,110162.5,110380.7,18.17576269
2025-09-02 09:00:00+00:00,110380.8,110761.3,110329.7,110403.8,87.6667422
2025-09-02 09:30:00+00:00,110403.8,110437.6,110302.9,110375.0,3.03630307
2025-09-02 10:00:00+00:00,110387.5,110437.8,110262.6,110262.6,35.53316906
2025-09-02 10:30:00+00:00,110262.5,110278.0,110190.5,110262.4,3.97604573
2025-09-02 11:00:00+00:00,110262.4,110262.4,109900.0,109900.1,7.55319528
2025-09-02 11:30:00+00:00,109900.1,109980.8,109651.0,109737.1,8.16573853
2025-09-02 12:00:00+00:00,109737.6,109843.6,109291.2,109447.6,56.98962506
2025-09-02 12:30:00+00:00,109447.6,109447.7,108457.0,108750.0,70.57403302
2025-09-02 13:00:00+00:00,108750.0,109510.6,108749.9,109334.7,23.81135158
2025-09-02 13:30:00+00:00,109334.7,111275.6,109096.4,111150.1,168.94890277
2025-09-02 14:00:00+00:00,111150.1,111481.9,110791.7,111463.4,131.66573614
2025-09-02 14:30:00+00:00,111462.6,111737.8,111104.1,111300.0,80.61142076
2025-09-02 15:00:00+00:00,111300.0,111462.5,110963.8,111249.9,24.58104898
2025-09-02 15:30:00+00:00,111250.0,111250.0,110576.0,110753.3,104.67626464
2025-09-02 16:00:00+00:00,110753.4,111108.9,110468.7,110478.9,24.5845781
2025-09-02 16:30:00+00:00,110479.0,110800.0,110478.9,110771.0,30.1008875
2025-09-02 17:00:00+00:00,110771.0,110923.7,110630.5,110893.9,16.51281493
2025-09-02 17:30:00+00:00,110894.0,110990.0,110753.6,110915.1,13.34249514
2025-09-02 18:00:00+00:00,110915.2,110915.2,110450.0,110470.5,72.13477156
2025-09-02 18:30:00+00:00,110470.5,110795.0,110192.4,110687.5,44.38280106
2025-09-02 19:00:00+00:00,110687.6,110825.1,110500.0,110537.6,42.24262475
2025-09-02 19:30:00+00:00,110537.6,110792.7,110519.5,110792.7,35.35641643
2025-09-02 20:00:00+00:00,110792.7,111346.7,110753.7,111257.4,107.60507305
2025-09-02 20:30:00+00:00,111257.5,111380.7,111108.2,111380.7,12.30661318
2025-09-02 21:00:00+00:00,111387.5,111499.5,111275.0,111275.1,13.15689921
2025-09-02 21:30:00+00:00,111275.1,111467.1,111207.3,111207.3,7.20723646
2025-09-02 22:00:00+00:00,111200.0,111200.0,110896.9,111095.0,22.46530012
2025-09-02 22:30:00+00:00,111095.1,111261.9,110987.5,111261.9,7.64014981
2025-09-02 23:00:00+00:00,111261.9,111261.9,111077.5,111111.0,16.47292603
2025-09-02 23:30:00+00:00,111111.1,111196.9,111010.4,111196.9,24.49459913
2025-09-03 00:00:00+00:00,111196.9,111702.7,111196.9,111700.0,20.30638977
2025-09-03 00:30:00+00:00,111700.0,111700.0,111292.7,111335.5,5.80725809
2025-09-03 01:00:00+00:00,111335.5,111391.6,111014.1,111020.2,106.48270229
2025-09-03 01:30:00+00:00,111020.3,111197.3,110917.1,111195.5,8.853332
2025-09-03 02:00:00+00:00,111190.6,111367.4,111091.7,111367.3,5.90395925
2025-09-03 02:30:00+00:00,111367.4,111485.7,111211.4,111381.5,5.38020359
2025-09-03 03:00:00+00:00,111381.6,111381.6,111059.8,111059.9,3.64584808
2025-09-03 03:30:00+00:00,111059.9,111112.8,110928.7,111078.1,4.31618297
2025-09-03 04:00:00+00:00,111078.1,111078.1,110896.9,111058.2,2.65663883
2025-09-03 04:30:00+00:00,111058.2,111092.5,110990.0,111037.6,3.01250167
2025-09-03 05:00:00+00:00,111037.6,111068.8,110791.7,110793.2,74.45432571
2025-09-03 05:30:00+00:00,110793.2,110816.0,110712.9,110712.9,1.22425238
2025-09-03 06:00:00+00:00,110713.0,110818.4,110636.7,110818.4,26.28774913
2025-09-03 06:30:00+00:00,110818.4,110853.2,110732.6,110732.6,2.50151375
2025-09-03 07:00:00+00:00,110732.7,110825.0,110600.0,110701.0,11.85114344
2025-09-03 07:30:00+00:00,110701.0,111046.6,110700.9,111046.5,8.83419254
2025-09-03 08:00:00+00:00,111046.5,111214.6,111046.4,111130.1,2.88272587
2025-09-03 08:30:00+00:00,111130.1,111130.1,111000.7,111000.8,3.5084822
2025-09-03 09:00:00+00:00,111000.8,111246.4,110947.5,111174.9,10.05649358
2025-09-03 09:30:00+00:00,111174.9,111247.3,111173.5,111247.2,0.95327037
2025-09-03 10:00:00+00:00,111247.3,111444.7,111217.0,111444.7,27.67989961
2025-09-03 10:30:00+00:00,111444.7,111480.0,111322.8,111446.9,13.82775189
2025-09-03 11:00:00+00:00,111447.0,111655.6,111420.1,111491.9,10.07728243
2025-09-03 11:30:00+00:00,111492.0,111594.5,111392.3,111490.1,11.48989706
2025-09-03 12:00:00+00:00,111490.1,111633.4,111490.0,111506.3,61.47419114
2025-09-03 12:30:00+00:00,111506.4,111800.0,111121.0,111125.1,149.83185133
2025-09-03 13:00:00+00:00,111125.0,111476.8,111116.2,111349.1,19.37051921
2025-09-03 13:30:00+00:00,111349.1,111888.2,111191.3,111429.6,63.04467159
2025-09-03 14:00:00+00:00,111429.6,111837.7,111138.9,111488.1,36.76587563
2025-09-03 14:30:00+00:00,111488.1,112500.0,111488.0,112281.5,136.8895928
2025-09-03 15:00:00+00:00,112281.5,112376.6,111995.1,111995.2,51.95639512
2025-09-03 15:30:00+00:00,111995.2,112338.5,111995.1,112246.3,75.27551053
2025-09-03 16:00:00+00:00,112246.3,112341.5,111921.5,111989.7,76.71986673
2025-09-03 16:30:00+00:00,111989.7,112117.0,111780.8,111862.5,18.54649506
2025-09-03 17:00:00+00:00,111862.5,112421.9,111862.5,112387.6,54.36033162
2025-09-03 17:30:00+00:00,112387.6,112537.6,112312.6,112329.1,15.0546015
2025-09-03 18:00:00+00:00,112324.7,112522.3,112137.5,112145.7,30.89805356
2025-09-03 18:30:00+00:00,112145.7,112156.9,111861.3,112016.5,9.50684391
2025-09-03 19:00:00+00:00,112016.5,112016.5,111802.1,111919.7,19.07180967
2025-09-03 19:30:00+00:00,111919.8,112232.2,111813.6,112232.2,7.55399492
2025-09-03 20:00:00+00:00,112232.2,112232.2,112150.0,112170.4,4.13240013
2025-09-03 20:30:00+00:00,112170.4,112222.0,112135.0,112220.6,55.82469876
2025-09-03 21:00:00+00:00,112220.6,112279.8,112097.6,112099.1,45.99001736
2025-09-03 21:30:00+00:00,112099.1,112099.1,111830.0,112019.5,14.96381174
2025-09-03 22:00:00+00:00,112019.5,112286.6,112017.5,112017.6,34.80399444
2025-09-03 22:30:00+00:00,112017.6,112017.6,111900.0,111983.9,4.28461459
2025-09-03 23:00:00+00:00,111984.0,111987.5,111834.4,111837.8,7.59527279
2025-09-03 23:30:00+00:00,111837.7,111840.8,111700.0,111771.1,93.9296015
2025-09-04 00:00:00+00:00,111771.1,112101.9,111725.8,112100.0,8.87254486
2025-09-04 00:30:00+00:00,112100.0,112193.7,112068.2,112192.1,3.50406838
2025-09-04 01:00:00+00:00,112192.2,112192.2,111735.3,111781.6,6.24320367
2025-09-04 01:30:00+00:00,111781.6,111994.4,111781.5,111947.1,8.79211852
2025-09-04 02:00:00+00:00,111947.2,111947.2,111555.0,111555.0,6.31935861
2025-09-04 02:30:00+00:00,111553.1,111700.1,111526.3,111526.4,7.8090982
2025-09-04 03:00:00+00:00,111526.4,111680.0,111446.0,111446.1,22.98556409
2025-09-04 03:30:00+00:00,111446.0,111446.1,111174.7,111175.1,4.03097829
2025-09-04 04:00:00+00:00,111175.1,111312.5,111175.0,111235.3,6.43022693
2025-09-04 04:30:00+00:00,111235.3,111237.5,111000.0,111000.0,6.23554908
2025-09-04 05:00:00+00:00,111000.1,111000.1,110667.6,110787.3,33.81725878
2025-09-04 05:30:00+00:00,110787.4,110875.1,110646.5,110689.6,3.78471804
2025-09-04 06:00:00+00:00,110689.6,110751.4,110438.1,110571.1,23.54595897
2025-09-04 06:30:00+00:00,110571.1,110571.1,110353.7,110455.0,9.70581809
2025-09-04 07:00:00+00:00,110455.0,110674.4,110450.0,110482.5,7.295492
2025-09-04 07:30:00+00:00,110482.6,110551.6,110409.4,110512.9,13.18131914
2025-09-04 08:00:00+00:00,110512.5,110752.3,110450.3,110752.3,25.53109821
2025-09-04 08:30:00+00:00,110752.3,110823.5,110661.4,110674.0,5.13470113
2025-09-04 09:00:00+00:00,110674.0,110875.1,110673.9,110848.2,12.08645184
2025-09-04 09:30:00+00:00,110848.3,110877.3,110804.6,110841.4,6.11271803
2025-09-04 10:00:00+00:00,110841.5,111111.0,110828.9,110925.5,37.69191061
2025-09-04 10:30:00+00:00,110925.5,111044.6,110700.0,110700.0,7.4741284
2025-09-04 11:00:00+00:00,110688.0,111054.6,110615.6,110938.7,32.72198075
2025-09-04 11:30:00+00:00,110938.8,111044.9,110837.5,110837.6,3.66827084
2025-09-04 12:00:00+00:00,110837.6,111111.0,110837.2,110965.4,12.20004208
2025-09-04 12:30:00+00:00,110965.4,110987.5,110610.0,110962.1,51.40270035
2025-09-04 13:00:00+00:00,110962.1,110976.0,110740.2,110792.7,69.10966083
2025-09-04 13:30:00+00:00,110792.7,110838.9,110275.4,110526.4,24.9686563
2025-09-04 14:00:00+00:00,110526.4,110526.5,109769.0,109962.5,53.22875714
2025-09-04 14:30:00+00:00,109962.6,110229.5,109893.7,109893.8,26.48402958
2025-09-04 15:00:00+00:00,109893.8,109893.8,109374.0,109528.0,45.22093676
2025-09-04 15:30:00+00:00,109528.0,109625.0,109412.5,109525.2,94.30409895
2025-09-04 16:00:00+00:00,109525.2,109650.0,109416.0,109433.0,20.1403889
2025-09-04 16:30:00+00:00,109433.0,109515.2,109369.8,109431.4,36.03143838
2025-09-04 17:00:00+00:00,109431.4,109839.1,109431.4,109839.1,21.11783869
2025-09-04 17:30:00+00:00,109839.1,109857.5,109647.2,109812.5,9.13199623
2025-09-04 18:00:00+00:00,109812.5,110209.3,109812.4,109980.1,19.79302256
2025-09-04 18:30:00+00:00,109980.1,110111.3,109720.0,110025.0,9.28640534
2025-09-04 19:00:00+00:00,110025.0,110092.5,109972.5,110012.9,7.22875432
2025-09-04 19:30:00+00:00,110012.9,110044.2,109754.9,109846.7,8.39510247
2025-09-04 20:00:00+00:00,109846.7,110371.1,109836.7,110371.1,23.5146218
2025-09-04 20:30:00+00:00,110371.0,110375.0,110277.0,110375.0,14.91143625
2025-09-04 21:00:00+00:00,110375.0,110482.6,110374.9,110439.3,17.53525268
2025-09-04 21:30:00+00:00,110439.3,110549.8,110416.3,110528.0,47.4987325
2025-09-04 22:00:00+00:00,110528.0,110861.5,110528.0,110828.2,80.63456451
2025-09-04 22:30:00+00:00,110828.2,111512.0,110771.8,111493.9,32.91529423
2025-09-04 23:00:00+00:00,111493.9,111685.5,111163.0,111163.1,9.63243633
2025-09-04 23:30:00+00:00,111163.0,111163.1,110619.9,110744.3,20.60867825
2025-09-05 00:00:00+00:00,110744.4,110784.6,110552.1,110700.0,24.29195436
2025-09-05 00:30:00+00:00,110700.0,110918.0,110434.4,110491.0,20.13366586
2025-09-05 01:00:00+00:00,110491.0,110820.3,110463.9,110817.1,17.15659542
2025-09-05 01:30:00+00:00,110817.0,111063.2,110817.0,111063.2,3.72259875
2025-09-05 02:00:00+00:00,111063.2,111365.8,111063.1,111232.5,12.85077839
2025-09-05 02:30:00+00:00,111232.5,111462.3,111232.5,111384.9,5.21504204
2025-09-05 03:00:00+00:00,111384.9,111384.9,111161.1,111185.8,5.49726581
2025-09-05 03:30:00+00:00,111185.8,111314.2,111131.7,111308.5,5.18760963
2025-09-05 04:00:00+00:00,111308.5,111319.0,111172.1,111256.9,10.75764825
2025-09-05 04:30:00+00:00,111256.8,111422.0,111256.8,111421.9,1.09190789
2025-09-05 05:00:00+00:00,111422.0,111526.3,111421.9,111526.3,17.55954115
2025-09-05 05:30:00+00:00,111526.3,111700.0,111526.2,111576.8,40.12895243
2025-09-05 06:00:00+00:00,111576.8,111644.0,111527.9,111559.9,12.11054287
2025-09-05 06:30:00+00:00,111559.9,111861.3,111559.8,111861.2,3.85769887
2025-09-05 07:00:00+00:00,111861.3,112813.4,111861.3,112716.6,81.65702114
2025-09-05 07:30:00+00:00,112716.5,112994.5,112667.1,112974.6,54.90459212
2025-09-05 08:00:00+00:00,112974.6,112974.7,112710.6,112766.1,17.95941111
2025-09-05 08:30:00+00:00,112766.1,112766.9,112616.7,112621.7,8.75722759
2025-09-05 09:00:00+00:00,112621.8,112621.8,112197.4,112209.3,14.24892634
2025-09-05 09:30:00+00:00,112209.3,112315.1,112151.8,112303.5,7.88812269
2025-09-05 10:00:00+00:00,112303.5,112544.1,112197.2,112204.4,33.20935815
2025-09-05 10:30:00+00:00,112204.5,112375.1,112204.5,112254.8,15.32427939
2025-09-05 11:00:00+00:00,112254.9,112375.3,112147.8,112323.0,23.68410275
2025-09-05 11:30:00+00:00,112323.0,112323.0,112292.1,112320.0,17.53819028
2025-09-05 12:00:00+00:00,112320.0,112650.0,112319.9,112543.6,23.54674968
2025-09-05 12:30:00+00:00,112543.7,113372.1,112017.1,113209.4,143.83460875
2025-09-05 13:00:00+00:00,113209.4,113233.0,112925.8,112955.0,37.18619802
2025-09-05 13:30:00+00:00,112955.0,113250.0,112717.9,113040.3,42.21320827
2025-09-05 14:00:00+00:00,113040.3,113040.3,110926.0,110971.6,125.07412844
2025-09-05 14:30:00+00:00,110971.6,111081.8,110511.0,110565.7,59.82900793
2025-09-05 15:00:00+00:00,110567.3,110966.3,110322.6,110901.7,49.76119331
2025-09-05 15:30:00+00:00,110901.7,111022.2,110663.2,110714.2,76.45940461
2025-09-05 16:00:00+00:00,110715.3,110787.0,110552.0,110751.2,82.61640033
2025-09-05 16:30:00+00:00,110751.2,110929.2,110740.0,110825.0,28.09283077
2025-09-05 17:00:00+00:00,110825.0,110825.0,110541.0,110745.2,59.87864149
2025-09-05 17:30:00+00:00,110745.1,110745.1,110231.4,110549.9,47.40631291
2025-09-05 18:00:00+00:00,110550.0,110983.7,110550.0,110983.7,17.72524497
2025-09-05 18:30:00+00:00,110983.7,111262.4,110983.7,111169.9,7.53330627
2025-09-05 19:00:00+00:00,111169.9,111367.4,111147.5,111366.6,72.06030554
2025-09-05 19:30:00+00:00,111366.6,111566.4,111215.3,111566.3,37.06498949
2025-09-05 20:00:00+00:00,111566.4,111620.0,111352.5,111387.6,25.18576157
2025-09-05 20:30:00+00:00,111387.6,111611.0,111375.0,111610.9,51.11559236
2025-09-05 21:00:00+00:00,111611.0,111619.5,110434.3,110889.3,56.96153414
2025-09-05 21:30:00+00:00,110889.3,111055.1,110618.0,110625.0,16.1707521
2025-09-05 22:00:00+00:00,110624.9,110688.9,110566.9,110688.9,5.64852945
2025-09-05 22:30:00+00:00,110688.9,110928.0,110688.8,110863.1,7.16145016
2025-09-05 23:00:00+00:00,110863.1,110863.1,110750.5,110750.6,3.07974313
2025-09-05 23:30:00+00:00,110750.6,110751.2,110638.0,110647.8,3.94699924
2025-09-06 00:00:00+00:00,110647.8,110722.9,110566.9,110662.0,7.18723038
2025-09-06 00:30:00+00:00,110662.0,110803.1,110661.9,110803.1,15.58542192
2025-09-06 01:00:00+00:00,110803.1,110807.5,110803.0,110807.4,1.86227625
2025-09-06 01:30:00+00:00,110807.5,110839.9,110807.4,110839.9,1.3747301
2025-09-06 02:00:00+00:00,110839.9,110839.9,110745.7,110762.4,4.4144788
2025-09-06 02:30:00+00:00,110762.4,111139.9,110762.3,111139.9,26.92434287
2025-09-06 03:00:00+00:00,111139.9,111243.0,111127.5,111243.0,2.58772724
2025-09-06 03:30:00+00:00,111243.0,111243.0,111038.9,111053.2,7.08695318
2025-09-06 04:00:00+00:00,111053.2,111053.4,110794.4,110794.4,9.99687055
2025-09-06 04:30:00+00:00,110794.5,110889.3,110794.5,110889.2,1.94378346
2025-09-06 05:00:00+00:00,110889.3,110889.3,110774.2,110774.2,1.70964033
2025-09-06 05:30:00+00:00,110774.3,110819.4,110727.0,110727.1,3.36439402
2025-09-06 06:00:00+00:00,110727.1,110730.0,110727.1,110729.9,2.32711763
2025-09-06 06:30:00+00:00,110729.9,110805.8,110729.9,110805.7,1.02446295
2025-09-06 07:00:00+00:00,110805.8,110823.3,110805.7,110823.2,8.77177967
2025-09-06 07:30:00+00:00,110823.2,110825.1,110823.2,110825.1,1.93606599
2025-09-06 08:00:00+00:00,110825.1,110829.9,110825.0,110829.7,2.02891158
2025-09-06 08:30:00+00:00,110829.7,110923.7,110829.6,110923.7,11.99668865
2025-09-06 09:00:00+00:00,110923.7,110923.7,110788.4,110788.4,0.92115774
2025-09-06 09:30:00+00:00,110788.4,110788.4,110724.8,110764.4,11.37178731
2025-09-06 10:00:00+00:00,110764.4,110764.5,110717.5,110736.0,0.56420987
2025-09-06 10:30:00+00:00,110736.0,110739.0,110735.9,110738.9,1.40598389
2025-09-06 11:00:00+00:00,110739.0,110739.0,110738.9,110739.0,0.538089
2025-09-06 11:30:00+00:00,110739.0,110791.9,110734.0,110778.9,25.11561758
2025-09-06 12:00:00+00:00,110778.9,110865.1,110778.9,110840.4,1.24983078
2025-09-06 12:30:00+00:00,110840.5,110840.5,110840.4,110840.5,4.43174236
2025-09-06 13:00:00+00:00,110840.5,110875.9,110840.4,110875.8,6.4318947
2025-09-06 13:30:00+00:00,110875.9,110898.0,110875.8,110898.0,3.06239021
2025-09-06 14:00:00+00:00,110898.0,110984.4,110897.9,110918.7,3.67269525
2025-09-06 14:30:00+00:00,110918.7,110918.8,110858.0,110858.0,3.34765607
2025-09-06 15:00:00+00:00,110858.0,110858.0,110732.9,110733.8,4.00085336
2025-09-06 15:30:00+00:00,110733.9,110740.0,110409.6,110442.0,11.4275243
2025-09-06 16:00:00+00:00,110442.1,110442.1,110036.7,110144.0,28.70285527
2025-09-06 16:30:00+00:00,110144.0,110248.2,110083.0,110248.2,5.21665214
2025-09-06 17:00:00+00:00,110248.2,110248.2,110200.0,110200.1,6.15342289
2025-09-06 17:30:00+00:00,110200.1,110200.1,110087.5,110142.3,5.65013291
2025-09-06 18:00:00+00:00,110142.4,110230.8,110142.4,110230.1,2.05765758
2025-09-06 18:30:00+00:00,110230.1,110240.6,110077.9,110240.6,6.57622629
2025-09-06 19:00:00+00:00,110240.6,110243.4,110164.9,110171.0,2.76087645
2025-09-06 19:30:00+00:00,110171.0,110171.1,110039.9,110039.9,4.00153136
2025-09-06 20:00:00+00:00,110040.0,110053.5,110039.9,110053.4,8.98941406
2025-09-06 20:30:00+00:00,110053.5,110171.9,110053.4,110171.9,3.58519984
2025-09-06 21:00:00+00:00,110171.9,110189.8,110171.8,110186.5,1.18536431
2025-09-06 21:30:00+00:00,110186.5,110186.9,110186.4,110186.9,2.62572095
2025-09-06 22:00:00+00:00,110186.8,110228.6,110186.8,110228.5,3.76118416
2025-09-06 22:30:00+00:00,110228.6,110228.6,110147.9,110150.6,2.01875299
2025-09-06 23:00:00+00:00,110150.6,110311.3,110150.6,110311.2,4.805803
2025-09-06 23:30:00+00:00,110311.3,110311.3,110254.8,110254.9,0.81228381
2025-09-07 00:00:00+00:00,110254.9,110254.9,110240.0,110240.1,3.80694943
2025-09-07 00:30:00+00:00,110240.1,110319.9,110239.0,110319.9,5.33509354
2025-09-07 01:00:00+00:00,110319.9,110500.0,110319.8,110499.9,2.9310429
2025-09-07 01:30:00+00:00,110500.0,110610.3,110499.9,110579.4,4.34448269
2025-09-07 02:00:00+00:00,110579.5,110579.5,110500.1,110514.5,3.25107385
2025-09-07 02:30:00+00:00,110514.6,110687.7,110514.5,110687.6,4.69643269
2025-09-07 03:00:00+00:00,110687.6,110687.7,110677.5,110687.7,1.29649629
2025-09-07 03:30:00+00:00,110687.8,110699.6,110636.7,110636.8,2.36343964
2025-09-07 04:00:00+00:00,110636.8,110636.9,110555.1,110584.3,3.03937285
2025-09-07 04:30:00+00:00,110584.3,110584.3,110584.2,110584.3,0.65042016
2025-09-07 05:00:00+00:00,110584.3,110694.3,110576.7,110694.2,1.88704133
2025-09-07 05:30:00+00:00,110694.3,110694.6,110694.2,110694.6,0.68264601
2025-09-07 06:00:00+00:00,110694.6,110694.6,110587.5,110587.6,2.89949732
2025-09-07 06:30:00+00:00,110587.5,110587.6,110530.5,110530.5,0.34090209
2025-09-07 07:00:00+00:00,110530.6,110651.8,110530.2,110651.8,6.79326932
2025-09-07 07:30:00+00:00,110651.8,110862.3,110651.8,110752.9,8.25068263
2025-09-07 08:00:00+00:00,110752.9,111218.9,110752.8,111218.9,13.43128439
2025-09-07 08:30:00+00:00,111218.9,111312.4,111098.3,111113.2,4.22477299
2025-09-07 09:00:00+00:00,111113.3,111198.0,111056.5,111197.9,18.49850241
2025-09-07 09:30:00+00:00,111197.9,111198.0,110912.0,111063.2,4.53972517
2025-09-07 10:00:00+00:00,111063.3,111167.5,111063.2,111120.2,3.75399009
2025-09-07 10:30:00+00:00,111120.2,111179.5,111120.1,111179.5,23.60601535
2025-09-07 11:00:00+00:00,111179.5,111200.0,111179.5,111200.0,1.34874454
2025-09-07 11:30:00+00:00,111199.9,111227.6,111162.1,111227.6,7.27844017
2025-09-07 12:00:00+00:00,111227.6,111255.1,111089.7,111089.8,8.02328643
2025-09-07 12:30:00+00:00,111089.7,111182.7,111089.7,111101.7,17.65086552
2025-09-07 13:00:00+00:00,111101.7,111101.7,111089.8,111089.9,11.81627127
2025-09-07 13:30:00+00:00,111089.9,111203.3,111089.8,111203.3,12.10573414
2025-09-07 14:00:00+00:00,111203.3,111344.4,111093.2,111125.1,8.28125706
2025-09-07 14:30:00+00:00,111125.1,111229.9,111119.4,111119.8,5.80761062
2025-09-07 15:00:00+00:00,111119.8,111291.0,111119.7,111291.0,2.39049692
2025-09-07 15:30:00+00:00,111291.1,111309.7,111291.0,111309.7,13.93666859
2025-09-07 16:00:00+00:00,111309.7,111339.4,111219.9,111220.7,4.73054036
2025-09-07 16:30:00+00:00,111220.8,111220.8,111188.8,111197.4,1.24729089
2025-09-07 17:00:00+00:00,111197.5,111197.5,110991.5,110991.6,12.89298999
2025-09-07 17:30:00+00:00,110991.5,111114.8,110964.1,110964.2,3.93040492
2025-09-07 18:00:00+00:00,110964.2,111030.0,110954.1,110971.6,2.18365715
2025-09-07 18:30:00+00:00,110971.7,111044.2,110878.9,111044.2,10.94178248
2025-09-07 19:00:00+00:00,111044.2,111186.2,111044.2,111080.6,3.21154241
2025-09-07 19:30:00+00:00,111080.7,111222.0,111080.6,111222.0,9.95277803
2025-09-07 20:00:00+00:00,111222.0,111304.4,111159.2,111228.0,8.70737877
2025-09-07 20:30:00+00:00,111227.9,111335.1,111125.3,111335.1,37.08926627
2025-09-07 21:00:00+00:00,111335.1,111335.1,111237.1,111237.2,5.54742622
2025-09-07 21:30:00+00:00,111237.2,111237.2,111100.0,111100.1,3.179779
2025-09-07 22:00:00+00:00,111100.0,111265.9,111059.2,111254.3,5.93949386
2025-09-07 22:30:00+00:00,111254.3,111269.9,111108.0,111229.0,7.5983534
2025-09-07 23:00:00+00:00,111229.0,111526.8,111228.9,111479.4,7.06503573
2025-09-07 23:30:00+00:00,111479.4,111481.8,111071.0,111152.8,10.4661431
2025-09-08 00:00:00+00:00,111152.8,111159.0,110980.5,111159.0,7.24445972
2025-09-08 00:30:00+00:00,111158.9,111247.1,110752.8,110856.9,145.49190296
2025-09-08 01:00:00+00:00,110856.9,110872.4,110733.2,110814.1,46.60590165
2025-09-08 01:30:00+00:00,110814.1,110937.5,110766.3,110867.6,13.69009268
2025-09-08 02:00:00+00:00,110867.6,110871.4,110667.7,110813.1,5.3030788
2025-09-08 02:30:00+00:00,110813.1,111300.0,110813.1,111184.8,23.04025342
2025-09-08 03:00:00+00:00,111184.9,111296.8,111075.0,111150.4,1.51081502
2025-09-08 03:30:00+00:00,111150.4,111303.4,111043.3,111043.4,3.59338068
2025-09-08 04:00:00+00:00,111043.4,111095.1,111015.4,111095.1,7.69814646
2025-09-08 04:30:00+00:00,111095.1,111119.9,110913.2,110945.1,23.61031187
2025-09-08 05:00:00+00:00,110945.1,110975.6,110923.6,110968.9,4.24236646
2025-09-08 05:30:00+00:00,110969.0,110969.9,110926.7,110969.9,1.36068846
2025-09-08 06:00:00+00:00,110969.9,111100.0,110968.0,111100.0,3.82248949
2025-09-08 06:30:00+00:00,111100.0,111121.8,111099.9,111121.8,1.56040329
2025-09-08 07:00:00+00:00,111121.8,111513.2,111121.7,111513.2,5.06181714
2025-09-08 07:30:00+00:00,111513.2,111525.2,111253.1,111280.4,19.37908826
2025-09-08 08:00:00+00:00,111280.4,111526.3,111263.4,111526.3,11.78982071
2025-09-08 08:30:00+00:00,111526.3,111800.0,111526.2,111619.2,24.34485226
2025-09-08 09:00:00+00:00,111619.2,111974.3,111619.2,111806.6,23.56690355
2025-09-08 09:30:00+00:00,111806.6,112009.1,111779.6,112009.1,34.31886998
2025-09-08 10:00:00+00:00,112009.1,112080.0,111927.6,112080.0,21.80788458
2025-09-08 10:30:00+00:00,112080.0,112114.3,112010.3,112015.5,28.42015611
2025-09-08 11:00:00+00:00,112015.5,112015.5,111808.0,111816.2,7.35283512
2025-09-08 11:30:00+00:00,111814.3,112079.3,111813.4,112079.3,14.51536678
2025-09-08 12:00:00+00:00,112079.3,112079.3,111929.1,111932.3,9.92751967
2025-09-08 12:30:00+00:00,111932.3,112079.2,111932.2,112037.6,4.0213758
2025-09-08 13:00:00+00:00,112037.6,112338.2,112037.5,112207.6,16.36373221
2025-09-08 13:30:00+00:00,112207.6,112279.9,111897.6,111903.0,20.8403498
2025-09-08 14:00:00+00:00,111903.1,112262.0,111898.4,112262.0,16.87557875
2025-09-08 14:30:00+00:00,112262.0,112720.7,112261.9,112607.5,27.86658236
2025-09-08 15:00:00+00:00,112607.5,112864.4,112607.4,112804.3,43.06903088
2025-09-08 15:30:00+00:00,112804.3,112804.3,112550.0,112590.0,17.42827987
2025-09-08 16:00:00+00:00,112590.0,112619.7,112346.2,112619.7,36.79958554
2025-09-08 16:30:00+00:00,112619.7,112619.7,112344.9,112396.7,11.64295092
2025-09-08 17:00:00+00:00,112396.7,112500.0,112254.4,112500.0,9.03624179
2025-09-08 17:30:00+00:00,112500.0,112500.0,112160.8,112201.3,38.67130057
2025-09-08 18:00:00+00:00,112201.3,112410.3,112201.2,112369.2,37.0373808
2025-09-08 18:30:00+00:00,112369.3,112479.1,112313.3,112479.0,15.75593216
2025-09-08 19:00:00+00:00,112479.1,112479.1,112187.6,112187.7,6.64911419
2025-09-08 19:30:00+00:00,112187.6,112196.0,112014.5,112014.8,18.06398129
2025-09-08 20:00:00+00:00,112015.1,112127.8,112015.1,112052.6,34.16926604
2025-09-08 20:30:00+00:00,112052.5,112052.6,111921.5,112022.5,7.2724128
2025-09-08 21:00:00+00:00,112022.5,112157.3,111955.8,112093.7,12.63557511
2025-09-08 21:30:00+00:00,112093.7,112329.9,112093.7,112329.8,10.56328817
2025-09-08 22:00:00+00:00,112329.9,112431.9,112329.8,112336.7,9.00426144
2025-09-08 22:30:00+00:00,112336.7,112336.9,112285.4,112285.5,3.59161749
2025-09-08 23:00:00+00:00,112285.5,112285.5,112200.0,112200.0,3.92866967
2025-09-08 23:30:00+00:00,112200.1,112200.1,112050.0,112050.1,6.20131534
2025-09-09 00:00:00+00:00,112050.1,112050.5,111640.9,111684.8,20.15579235
2025-09-09 00:30:00+00:00,111684.8,111799.9,111500.0,111680.1,17.16568021
2025-09-09 01:00:00+00:00,111680.1,111700.8,111352.8,111352.9,7.01882174
2025-09-09 01:30:00+00:00,111352.8,111439.8,111352.7,111422.4,20.92306506
2025-09-09 02:00:00+00:00,111422.4,111422.4,111196.8,111284.5,12.17145078
2025-09-09 02:30:00+00:00,111289.8,111430.8,111289.7,111304.6,3.71490829
2025-09-09 03:00:00+00:00,111304.7,111481.8,111262.6,111481.7,3.20166874
2025-09-09 03:30:00+00:00,111484.5,111743.0,111484.4,111739.8,12.59171387
2025-09-09 04:00:00+00:00,111739.9,112022.5,111678.0,111962.0,9.26438261
2025-09-09 04:30:00+00:00,111962.0,112012.9,111841.8,112012.9,13.51350849
2025-09-09 05:00:00+00:00,112012.9,112041.7,111912.4,111913.9,13.39195242
2025-09-09 05:30:00+00:00,111913.9,112244.8,111913.8,112237.9,6.47257201
2025-09-09 06:00:00+00:00,112237.9,112748.8,112218.8,112601.0,35.35756115
2025-09-09 06:30:00+00:00,112601.0,113100.3,112601.0,113017.4,79.13304024
2025-09-09 07:00:00+00:00,113017.4,113200.0,112978.5,113200.0,49.43353086
2025-09-09 07:30:00+00:00,113199.9,113200.0,112817.4,113010.3,12.21718112
2025-09-09 08:00:00+00:00,113010.4,113099.4,112907.8,113050.0,30.81388355
2025-09-09 08:30:00+00:00,113050.1,113148.5,112908.1,112919.6,24.05673175
2025-09-09 09:00:00+00:00,112919.7,113000.0,112919.6,112990.3,15.58161157
2025-09-09 09:30:00+00:00,112990.4,112990.4,112942.4,112942.4,6.04864815
2025-09-09 10:00:00+00:00,112942.5,113018.4,112724.1,112724.2,5.69356592
2025-09-09 10:30:00+00:00,112724.1,112911.2,112705.5,112714.5,9.28159941
2025-09-09 11:00:00+00:00,112714.5,112813.3,112673.2,112678.5,6.24440951
2025-09-09 11:30:00+00:00,112678.5,112678.5,112507.5,112507.6,10.97752748
2025-09-09 12:00:00+00:00,112507.6,112795.9,112487.6,112758.4,11.4479326
2025-09-09 12:30:00+00:00,112758.4,112798.8,112610.0,112655.7,26.24504316
2025-09-09 13:00:00+00:00,112655.7,112800.0,112599.4,112800.0,101.15464913
2025-09-09 13:30:00+00:00,112800.0,112898.8,112743.5,112766.4,19.54337418
2025-09-09 14:00:00+00:00,112766.5,112890.9,112062.9,112313.1,41.56985092
2025-09-09 14:30:00+00:00,112313.2,112313.2,111575.1,111823.7,49.72525266
2025-09-09 15:00:00+00:00,111823.7,111823.7,111300.2,111339.3,55.04699878
2025-09-09 15:30:00+00:00,111339.3,111339.3,110815.3,110888.4,156.51370768
2025-09-09 16:00:00+00:00,110888.5,111130.9,110820.1,110962.6,199.88554987
2025-09-09 16:30:00+00:00,110962.6,111051.8,110961.0,110968.0,30.62844231
2025-09-09 17:00:00+00:00,110968.0,111173.8,110934.8,110950.9,27.14637481
2025-09-09 17:30:00+00:00,110950.9,111119.2,110950.7,111037.2,40.51490704
2025-09-09 18:00:00+00:00,111037.3,111300.9,110958.9,111241.8,12.67939192
2025-09-09 18:30:00+00:00,111239.9,111239.9,111087.9,111176.5,41.38760189
2025-09-09 19:00:00+00:00,111176.5,111250.5,111176.4,111250.4,7.9295381
2025-09-09 19:30:00+00:00,111250.5,111348.3,111250.4,111348.3,6.29877317
2025-09-09 20:00:00+00:00,111348.3,111348.3,111049.0,111157.9,137.4934852
2025-09-09 20:30:00+00:00,111157.9,111486.1,111100.0,111486.1,39.63652289
2025-09-09 21:00:00+00:00,111486.1,111692.6,111425.5,111425.6,41.16595202
2025-09-09 21:30:00+00:00,111425.6,111472.1,111309.0,111309.1,7.89736768
2025-09-09 22:00:00+00:00,111309.0,111483.3,111309.0,111473.2,3.75037823
2025-09-09 22:30:00+00:00,111473.3,111549.9,111413.4,111549.9,3.58805434
2025-09-09 23:00:00+00:00,111549.9,111549.9,111417.8,111423.8,7.86455716
2025-09-09 23:30:00+00:00,111423.8,111558.1,111391.8,111541.0,9.54625995
2025-09-10 00:00:00+00:00,111541.0,111541.0,111154.6,111160.0,18.27736765
2025-09-10 00:30:00+00:00,111160.0,111227.8,110987.6,110987.6,32.75998349
2025-09-10 01:00:00+00:00,110987.7,111137.8,110987.7,111003.8,4.03096216
2025-09-10 01:30:00+00:00,111003.8,111041.7,110934.0,110959.8,8.79781292
2025-09-10 02:00:00+00:00,110959.9,111468.6,110959.9,111423.8,7.08749101
2025-09-10 02:30:00+00:00,111421.9,111473.2,111379.8,111391.9,4.04505981
2025-09-10 03:00:00+00:00,111391.9,111528.2,111383.8,111477.9,3.0089731
2025-09-10 03:30:00+00:00,111477.9,111477.9,111468.2,111477.8,3.55232381
2025-09-10 04:00:00+00:00,111477.9,111600.0,111408.5,111600.0,4.33045927
2025-09-10 04:30:00+00:00,111599.9,111600.0,111494.3,111512.7,1.13107057
2025-09-10 05:00:00+00:00,111512.7,111565.9,111449.8,111565.9,2.61396596
2025-09-10 05:30:00+00:00,111565.9,111641.8,111390.7,111507.8,7.50021286
2025-09-10 06:00:00+00:00,111507.8,111754.0,111455.8,111753.9,7.66718012
2025-09-10 06:30:00+00:00,111754.0,111926.3,111753.9,111815.9,25.33191241
2025-09-10 07:00:00+00:00,111815.9,112197.5,111815.7,112197.4,28.27665822
2025-09-10 07:30:00+00:00,112197.5,112547.8,112084.3,112531.6,36.66648286
2025-09-10 08:00:00+00:00,112531.6,112763.8,112469.6,112681.2,41.64294789
2025-09-10 08:30:00+00:00,112681.2,112681.2,112378.2,112378.2,2.86622021
2025-09-10 09:00:00+00:00,112378.3,112411.8,112158.1,112374.4,35.13690367
2025-09-10 09:30:00+00:00,112374.3,112374.4,112238.7,112277.5,9.42955901
2025-09-10 10:00:00+00:00,112277.5,112386.6,112277.4,112321.2,13.23434548
2025-09-10 10:30:00+00:00,112321.2,112393.5,112266.1,112286.0,8.18166565
2025-09-10 11:00:00+00:00,112286.0,112312.9,112212.8,112291.4,26.81662311
2025-09-10 11:30:00+00:00,112291.4,112291.4,112203.8,112229.9,3.41400919
2025-09-10 12:00:00+00:00,112229.9,112665.0,112229.8,112612.8,35.24429682
2025-09-10 12:30:00+00:00,112612.9,113532.6,112612.9,113348.9,395.06283024
2025-09-10 13:00:00+00:00,113349.0,113777.0,113348.9,113608.0,189.68311275
2025-09-10 13:30:00+00:00,113609.9,114270.7,113454.7,113977.5,137.97840335
2025-09-10 14:00:00+00:00,113977.5,114300.0,113956.0,114150.1,31.36934474
2025-09-10 14:30:00+00:00,114150.1,114158.9,113850.0,113877.0,75.68276458
2025-09-10 15:00:00+00:00,113877.0,113929.9,113876.9,113929.8,0.86028779
